x,y,diameter,name
318.0,144.0,48.75328,Blah
356.0,211.0,40.184635,Blah
361.0,257.0,57.071266,Blah
190.0,210.0,46.70121,Blah
170.0,133.0,69.69693,Blah
412.0,133.0,40.411964,Blah
429.0,155.0,43.37764,Blah
315.0,216.0,61.63565,Blah
182.0,215.0,65.19985,Blah
262.0,319.0,51.832954,Blah
