x,y,diameter,name
338.0,206.0,68.840195,Blah
338.0,206.0,53.304638,Blah
338.0,206.0,52.47511,Blah
338.0,206.0,51.203735,Blah
338.0,206.0,77.582016,Blah
338.0,206.0,40.92857,Blah
338.0,206.0,70.201614,Blah
338.0,206.0,71.771416,Blah
338.0,206.0,72.17306,Blah
338.0,206.0,74.98582,Blah
